constraint_score,N90,cv_effect_N90,promoter_dominance,enhancer_load,balance_metric,skewness_effect,vg_eqtl,is_essential,gene_symbol,loeuf_score,cluster,architecture_type,pca1,pca2
-0.4310373786641296,8,0.3760549621844111,0.009911212037175831,0.26288233998711846,0.014998968410719252,5.8239103262763185,0.000412,1,EXOC1,0.479,0,buffered (complex),-0.10369507904458079,0.24476226968395143
-0.8538996671164393,31,1.0874554752359273,0.04739297667385306,0.012537833150280387,0.11564833989774678,4.491619020937787,0.0006303,1,PKD1,0.179,0,buffered (complex),-1.624510374462887,-0.20993617785516022
-0.1863774289595501,12,0.42754105994617897,0.009005104487200101,0.7659228581950964,0.01955362692094427,4.131498018143407,0.00937835,1,ITPKA,0.472,0,buffered (complex),-0.34558707728400656,0.7294425581452814
0.04855594733904306,5,0.21067313795625622,0.008656624651248033,0.006314124559666734,0.08231903396354039,19.327352620501472,0.00113078,1,ARMC1,0.466,0,buffered (complex),0.5933291440704367,0.5698261963130983
-0.3307813190188822,9,0.5320502552733759,0.0005904434492924227,0.03514007303952643,0.06906721043836954,7.763656062925569,0.0012383,1,CDK5R1,0.378,0,buffered (complex),-0.010601770401262938,0.4009659980178334
-0.4876683393951935,15,0.5937544989949677,0.03102546760607286,0.4779339293949202,0.05816303540232742,4.492905171927082,0.000224513,1,IPO7,0.106,0,buffered (complex),-0.6773943209815118,0.5408661600237765
-0.06986635707526348,11,0.4266996429846471,0.04448851280681056,0.319495542002941,0.039970364309860666,3.860786907561048,0.0070185,1,GNAL,0.206,0,buffered (complex),0.1024187920673975,0.271236740290053
0.058123169444844816,14,0.6432695067912079,0.0,0.0,0.11319925466652535,4.4669519264992354,0.000712495,1,USP32,0.224,0,buffered (complex),0.07200232262610454,0.5818951058064324
-0.6282640337478068,5,0.3695209089404471,0.002477332043844793,0.28089532203135525,0.09900326316899147,4.501017358914971,0.000312418,1,THRAP3,0.19,0,buffered (complex),-0.3280030658605994,1.1219074993834175
-0.6862584894370616,13,0.6055039422494906,0.3454556053219846,0.0320627784048566,0.03277758667961724,4.5584690496954385,0.00228186,1,BIN1,0.368,0,buffered (complex),0.17214076342049262,-1.6459106850073388
0.19280142274062714,7,0.5429622920877829,0.011117615262157326,0.013826785290287785,0.06756081123342471,10.057378780584653,0.000401418,1,AKAP8L,0.468,0,buffered (complex),0.6620912981935475,0.38312209049972124
-0.6979875731206311,20,0.7266618349370731,0.029114246929859852,0.3828049513079532,0.025297112470027115,5.288485704441855,0.00335642,1,SIPA1L2,0.287,0,buffered (complex),-1.0359471367698851,-0.01395541163802114
-0.1495471782473947,12,0.39952126157032736,0.029629251668880762,0.5705637927230482,0.07839217322504814,4.146076847450698,0.00637079,1,ENPP1,0.586,0,buffered (complex),-0.27262572312082217,0.9348515714685294
0.21518184944223437,15,0.8529501399205086,0.0,0.0,0.13339479259682674,4.992648398660803,0.000873799,1,MAPK6,0.407,0,buffered (complex),0.14247211682002375,0.7303556133932683
-0.4410038836064451,20,0.7283640038377623,0.04291058999459398,0.03591846399828566,0.07548976762571902,4.49181729626115,0.000170338,1,SUPT16H,0.12,0,buffered (complex),-0.6021032002276396,-0.12362613935361985
-0.0008881220988815116,7,0.4865231265098813,0.015097302313249817,0.09064241078938005,0.027996798443874173,3.77587762408469,0.00210356,1,TLN2,0.279,0,buffered (complex),0.48793187787171216,0.13458888766748947
-0.7894492873003963,11,0.7160909086316497,0.10187555691628156,0.26053120860788076,0.05084622242042407,5.013893415398062,0.000241882,1,PSMC1,0.138,0,buffered (complex),-0.48143489036245446,-0.02680740399553883
-0.371223741257591,19,0.7207966689657209,0.11515620890022081,0.011695453563257203,0.06996160136181365,5.0882902611219,0.000871191,1,PSIP1,0.266,0,buffered (complex),-0.2982793821507361,-0.534209615710125
-0.6164606050520873,14,0.8525414206167551,0.0034339837856740612,0.13597251833620683,0.010125033681062524,6.7955903320863165,0.00349469,1,HMGCR,0.26,0,buffered (complex),-0.5171671662612555,-0.14091171757473128
-0.7937380674414364,19,0.7651546822683558,3.460016325565002e-05,0.3519109102122444,0.006716165882999415,5.646623143843369,0.00610713,1,COL15A1,0.504,0,buffered (complex),-1.0948239559388597,-0.030281732921701672
-0.8110074582935639,45,1.3366764199982233,0.264217872004166,0.2644474671292815,0.005938616809195702,5.8563381926869456,0.00151341,1,FCHO2,0.222,0,buffered (complex),-1.8513465660648438,-2.2432939925810214
-0.5219571186166655,8,0.46854106780765775,0.0,0.0,0.042259530134363746,3.727749836277066,0.00109484,1,EPB41,0.519,0,buffered (complex),-0.07673310335394606,0.13954011118824858
-0.2763096281844105,13,0.320734291822792,0.01927415958526633,0.5415516793606978,0.04258102638710008,4.562610420476683,0.000438807,1,FAM120A,0.163,0,buffered (complex),-0.39488209013203585,0.6112408946706843
0.14650655528867032,9,0.49495845236911806,0.021098037187173728,0.42405855421828875,0.025613151335299154,4.434958066146046,0.000591202,1,HIKESHI,0.591,0,buffered (complex),0.33440880636917136,0.469211070285749
-0.725183941121761,5,0.6725718941433413,0.029557886658956076,0.0036537623660410036,0.014240712481134855,8.91473602009082,0.000534125,1,OSBPL8,0.416,0,buffered (complex),-0.013504143093625303,-0.1635967717044297
-0.9093843874485112,10,0.3626131130648727,0.1352780375294749,0.47564136734327644,0.6292103591102677,2.1760704881740667,0.000989967,1,PSMD13,0.194,0,buffered (complex),-1.6510302038930031,5.096459084647027
-0.495225363629691,11,0.29901841723941264,0.04106129825120298,0.014069316128144889,0.09120749580940826,5.675117112339608,0.000513558,1,FASTK,0.583,0,buffered (complex),-0.21080187496189282,0.2742761260332782
-0.8755258148467411,36,1.6560730681251845,0.037386837414778426,0.06715613843969023,0.020895936036080663,10.469926100713622,0.00186915,1,PRKD2,0.189,0,buffered (complex),-1.7965940775313811,-1.0510782722102818
-0.9105186606586306,39,1.6572090423354982,0.04278665499574116,0.0656687696153827,0.11570981827339999,6.402725933254032,0.000495627,1,SEPHS1,0.298,0,buffered (complex),-2.1429132137872022,-0.36098554972577634
-0.5647866198696205,19,0.7807279901469422,0.0,0.0,0.09723301857009328,6.151485908162127,0.00186032,1,CGGBP1,0.532,0,buffered (complex),-0.7819115009893853,0.2572711512856405
-0.5137230904594507,2,0.6928309339184793,0.07363784877663694,0.8942396144815342,0.04654752730489632,6.349975627206579,0.000669415,1,DHDDS,0.51,0,buffered (complex),-0.12648252037517396,1.0567036993973753
-0.7815265132462079,24,1.450640581601687,0.004933787738782346,0.08189561869476253,0.03199984145250081,7.453919015301111,0.00317409,1,PLEC,0.392,0,buffered (complex),-1.1914545413605608,-0.3710234892641026
0.4818376704431321,10,0.3981540119475248,0.003965929140020339,0.6319995085318376,0.041573135018638074,3.4917364826722754,0.000493922,1,CREBL2,0.556,0,buffered (complex),0.4421626277881346,0.9064667525435244
-0.13020606178368915,10,0.5242178356279869,0.010575877171510723,0.08329875253037032,0.03810561352328033,5.117269151712953,0.00051264,1,FAM98A,0.415,0,buffered (complex),0.18134492618833323,0.13235522478693756
-0.3064034472816359,17,0.9290022941662174,0.002656788503124627,0.10904322197601532,0.011616239699894827,5.363474979545377,0.00100273,1,CBX6,0.262,0,buffered (complex),-0.34379300733687745,-0.24814011055735022
-0.499447096017053,15,0.5840960633789918,0.1308573938699772,0.04082069968201495,0.09472609874040196,5.858410131434253,0.000383573,1,DDX24,0.381,0,buffered (complex),-0.258118723272372,-0.22399349317742903
0.03311017851841749,9,0.663046709661276,0.0010904166965227666,0.003834552924894187,0.02984562581649135,9.166292457417866,0.000466757,1,SYMPK,0.179,0,buffered (complex),0.45214057610946284,0.023285660071164525
-0.8505148038853175,86,0.9167227698204108,0.04634828439028164,0.29048598993653335,0.04011558468870635,3.8150870137925184,0.000799708,1,RANBP9,0.13,0,buffered (complex),-4.5011319623620505,-2.226955189292356
-0.04414096698812961,11,0.375563675608964,0.00339772699602361,0.1672543574791469,0.01164033321076458,5.102586082703005,0.000598425,1,RC3H1,0.287,0,buffered (complex),0.18724280532154217,0.03788542633575912
-0.5561133154677544,23,0.7745065953228669,2.6256410390441798e-05,0.0,0.07214954087694049,5.009996514228243,0.000190025,1,DDB1,0.243,0,buffered (complex),-0.9328222605108378,-0.08816631929464633
-0.7120604145808509,25,0.7499787793955387,0.009721653365972673,0.12736356740912094,0.004073314143720234,4.993245691351022,0.00279594,1,LOXL1,0.382,0,buffered (complex),-1.1451927671735438,-0.5982610786797375
-0.46989050327443754,19,0.8400056191316768,0.0,0.0,0.014238631748574995,3.477303737827483,0.00110965,1,CANX,0.359,0,buffered (complex),-0.5371843326735865,-0.4553031600428722
0.11593156311130913,10,0.47742194191682225,0.002263022613601685,0.023259992337665326,0.0463871931957301,3.5895726869038103,0.00346785,1,IDH2,0.384,0,buffered (complex),0.441577023377426,0.1629069522425911
-0.5929974182877569,36,0.7894030617257706,0.0009385538827184445,0.2414776669286784,0.020111117790968858,4.275694561865449,0.000437654,1,TXLNA,0.24,0,buffered (complex),-1.7159721939042634,-0.6023167361461472
-0.697405332431904,6,0.7905938712391042,0.027480940673622205,0.8650190211162438,0.030773471798390267,6.006562643216336,0.000984484,1,KIFBP,0.511,0,buffered (complex),-0.5755636121905896,0.9931659767843689
-0.2537654913129669,28,0.5688020444626939,0.0015641938065301024,0.0046918157560284675,0.02851455130590673,2.9761035960755935,0.000410656,1,RNPS1,0.251,0,buffered (complex),-0.8065025699893389,-0.6143246887386202
-0.794971011069107,13,1.6925056081549383,0.09153866004554605,0.015620628753320057,0.16298136717853162,8.599828900944273,0.000282795,1,XPR1,0.156,0,buffered (complex),-0.6367546012932651,0.5662140861404346
0.3042406262393866,5,0.3127688360275979,0.007398565362715139,0.9471522707060778,0.05578987801410269,4.909234473184481,0.000920386,1,NECTIN2,0.323,0,buffered (complex),0.3580157564732325,1.4598289952245496
-0.6547288865259785,8,0.47572383138135416,0.0,0.0,0.029561276473283965,5.488215061352824,0.00285888,1,HOXB3,0.409,0,buffered (complex),-0.18745746016816459,0.02450985795593664
-0.6323477852635593,25,0.674433048901663,0.017315253849753572,0.419940643688593,0.01612604458135341,6.469770300434412,0.000466136,1,TECPR2,0.346,0,buffered (complex),-1.2573872807484618,-0.1458875307655143
-0.9981554170959928,63,0.6876456283239054,0.06106746724997603,0.005493994827207035,0.004315347769907369,2.744674518103754,0.000253598,1,ACIN1,0.201,0,buffered (complex),-3.172504263362445,-2.2909245632074158
-0.5058381025852712,9,0.5148825843397851,0.03870589422104066,0.014622927509684155,0.033078929129344604,5.497495838787587,0.000244191,1,LRRC59,0.551,0,buffered (complex),-0.020154699256043882,-0.15035365732787817
-0.23352649608736933,14,0.5127255183947912,0.017712884674585993,0.488784126695056,0.00429738689831772,3.2945971943134804,0.000171074,1,SUGT1,0.455,0,buffered (complex),-0.30934414037749663,0.20028531870321648
-0.1926088501266197,13,0.9394119381920604,0.053243601347300266,0.1834854717666987,0.035116906710546625,8.494094970891002,0.00228939,1,NBEAL2,0.32,0,buffered (complex),-0.007070298169210271,-0.0665047539970163
-0.38006652548974856,19,0.6804262615000324,0.0029831391001331844,0.32736845683848054,0.06592145126696893,4.28916610960715,0.0115242,1,NDNF,0.512,0,buffered (complex),-0.7635205350197531,0.4513287018846991
-0.40233556046549607,18,0.7194619700837094,0.10634252150559706,0.35705081572603403,0.032645106674909996,5.175869858399005,0.000270441,1,MAU2,0.119,0,buffered (complex),-0.4685076399060278,-0.2925888075370925
-0.7468118324843773,16,1.221353992712257,0.05465995706358736,0.31356873305547406,0.04798178129048074,4.608112703144379,0.000869105,1,PKD2,0.497,0,buffered (complex),-0.823142106454398,0.09201075289831272
-0.39737639367741273,14,0.7931493684334524,0.001119486693658928,0.12033740277830675,0.0977487533339373,4.919051371351857,0.0020454,1,GAB2,0.304,0,buffered (complex),-0.4483700621304367,0.6136501296246061
-0.669853235365862,22,1.0278311503982913,0.08346079771648236,0.6848552624436605,0.1089335720909948,4.813355604707364,0.000957364,1,RPL10A,0.444,0,buffered (complex),-1.3035883881955292,0.6989925765570986
-0.8315426978737017,16,1.3911509909512958,0.0023628786919486695,0.00148888541069233,0.06754571073240884,13.104936148198313,0.00186921,1,FRS3,0.464,0,buffered (complex),-0.8390687846642523,0.07681239066701208
-0.6917314342701715,5,0.8238075190994907,0.0008267630254515641,0.6639573144003952,0.06817492650115285,5.669998129372643,0.000618188,1,MLH1,0.575,0,buffered (complex),-0.5531784325495701,1.2987896772154122
-0.8074536167724929,9,1.2574426877931595,0.0,0.0,0.16913507381413648,11.15455535145889,0.000648643,1,MTPAP,0.193,0,buffered (complex),-0.643318207701676,1.1908645234654562
0.07859679237848702,7,0.44017527138733453,0.0,0.0,0.04927222434140216,4.473247237183517,0.00133252,1,FRMD4A,0.135,0,buffered (complex),0.565986156348907,0.2568425731434925
0.02674775024374721,7,0.5308034949813054,0.0,0.0,0.007555654087978266,4.003548941287578,0.0140923,1,DIO2,0.539,0,buffered (complex),0.5888559948268562,-0.10538692634605296
-0.6027646376106982,1,0.0,0.045812276915055225,0.0047531019174643285,0.06293824440930271,9.21773837660492,0.000679003,1,SUSD6,0.532,0,buffered (complex),0.2618122902424447,0.3088796949203854
-0.03071298119186178,13,0.6854875656406652,0.002816734020105727,0.8252334779176932,0.033461513775380855,3.4381155638771443,0.00102965,1,STK38L,0.348,0,buffered (complex),-0.30617876086081397,0.9116425212080896
-0.9151912788704523,3,0.7339388163409634,0.04042221861359433,0.014850886547603736,0.11813012734151555,6.208939171613441,0.000454551,1,SP2,0.219,0,buffered (complex),-0.2741035013724907,0.7523719064285169
-0.5547274743938524,9,1.0581413746445516,0.002745346971408924,0.021918180416779752,0.06549157934044061,5.467868777649752,0.000423291,1,UBE2Q1,0.19,0,buffered (complex),-0.2140633614530632,0.32799406825580846
-0.6838433143794191,10,0.7821401290037001,0.04608039140338446,0.13189527015784017,0.07365677439647074,6.521904954764065,0.00271077,1,TBKBP1,0.467,0,buffered (complex),-0.3962629749529888,0.3051193733840204
-0.7247806381843547,16,1.2346802857289212,0.22912434890623415,0.04405147640090659,0.010291291247018759,7.8041545500788345,4.28e-05,1,SARNP,0.185,0,buffered (complex),-0.1960466427560056,-1.4351450713225407
-0.6211731441666566,21,0.6973263342850277,0.031243622367296688,0.3738864589524046,0.06413310590659417,6.220053387426377,0.00039273,1,CTNNBL1,0.51,0,buffered (complex),-1.0697281918137977,0.2702811488535705
-0.8367384074451075,34,1.1862189461681498,0.007885401299243146,0.07717025158939116,0.10867866888530074,5.4008532731192185,0.00026813,1,MMS19,0.421,0,buffered (complex),-1.886651438681427,-0.05715204250218062
-0.4849761912872492,15,0.5352359971439543,0.021160036595118514,0.086478940809145,0.025396622141781316,4.213851763285439,0.0011264,1,TSPAN5,0.381,0,buffered (complex),-0.38724315202926624,-0.20408917408888033
-0.8962032616224642,8,1.323464015213546,0.04955503804752188,0.5133183045514422,0.10940778096807857,17.072059248573716,0.000441219,1,AXIN1,0.403,0,buffered (complex),-0.8006248623736633,1.1366950717662714
0.10784662373492573,7,0.5259298674877929,0.0010700173977700705,0.8222249171277242,0.07595888368990178,8.10202112175102,0.000361946,1,PKN1,0.392,0,buffered (complex),0.06134184697572756,1.4844031308655679
-0.40332113933948116,54,1.2929968130329856,0.2498041036184906,0.022913908116989658,0.013984993404774397,5.381142651457204,0.00014956,1,SET,0.183,0,buffered (complex),-1.7701784298642163,-2.740230224341082
-0.2928890666230134,10,0.4585981007388105,0.0,0.0,0.018880541599523123,3.3222621306778874,0.011815,1,SMOC1,0.592,0,buffered (complex),0.09334177236221572,-0.11749733436520432
0.22201335733612582,8,0.5830608657005093,0.04375767338357794,0.690767564274119,0.0015411761949243289,4.032333435521176,0.0162738,1,CDH20,0.411,0,buffered (complex),0.4153097784234468,0.4658785742321723
-0.5681053662834313,11,0.6041164729823388,0.04729580773996304,0.8509570044741103,0.007912033030942452,3.6313236334205983,0.00156389,1,TP53INP2,0.542,0,buffered (complex),-0.6105304434004813,0.5248197381428596
-0.49623316130171663,21,0.4656897029920652,0.03639644666959602,0.3525907352663858,0.08869098435941662,3.46203140662347,0.00157713,1,MYO10,0.374,0,buffered (complex),-0.9640919489432994,0.43461398001476514
-0.5136958736502912,8,0.723563612756649,0.1803573530876877,0.015578409937210366,0.02850290778156942,7.366719302837283,0.00114549,1,EIF4A3,0.119,0,buffered (complex),0.3230563845108718,-0.8405644705003688
-0.7071043916459586,27,0.8097568387000402,0.30518678822410006,0.3730055246339575,0.04631194235829327,5.0305516745043795,0.00216403,1,SEC61A2,0.558,0,buffered (complex),-0.8918972273618201,-1.342696818742311
-0.4783999680313731,17,0.5287916537484691,0.021812830596676446,0.07803617300654546,0.009394499199710608,4.270232257700966,0.00458994,1,TNFAIP3,0.196,0,buffered (complex),-0.44643918466910965,-0.42296124823845077
-0.7990686375931478,35,1.9253892230399419,0.004432898846175734,0.00022654043080041052,0.034908431463205804,7.700416672094583,0.000824323,1,FIZ1,0.59,0,buffered (complex),-1.7147976688117768,-0.8300658488721213
-0.8399395515715592,24,0.8279354705614504,0.011707489239933502,0.046031871103079526,0.0638629871962794,8.20589416061161,0.00111011,1,ZNF202,0.419,0,buffered (complex),-1.264709160853959,-0.19058014770300089
-0.5469252117651183,3,0.613934014050961,0.01648246678386967,0.00424974742249569,0.16151808682041244,7.9641647521645185,0.000583212,1,PSMB5,0.3,0,buffered (complex),-0.02638119158574769,1.2489928564727395
0.06164919657970385,11,0.5187701022487351,5.282167121996281e-05,0.09506872272741082,0.008520065031211351,5.248977064163151,0.00282768,1,COL4A2,0.585,0,buffered (complex),0.3436070608248007,-0.07343287800010957
0.1744676464955481,9,0.39726854701636644,0.0002610537220439856,0.3256608382389968,0.015187728413372145,3.3323490588276683,0.00104783,1,CNOT8,0.58,0,buffered (complex),0.3924127915067086,0.37117752574298607
-0.4305659749222423,16,0.6374197125519844,0.027137590286399758,0.07576501003508178,0.052910308835805324,3.671358957007773,0.00125873,1,AUTS2,0.253,0,buffered (complex),-0.4117749028006919,-0.04442313313062086
-0.24903778620159256,7,0.609625894814894,0.052471811675772646,0.029336272985831326,0.03786442942054972,5.003842124571127,0.00268142,1,HSPH1,0.264,0,buffered (complex),0.350369338267067,-0.08044604396578521
0.030477841789062064,6,0.3809244153071462,0.04413282605511644,0.06495212114253439,0.07319626482653543,8.559423993636639,0.00344334,1,NPC1,0.486,0,buffered (complex),0.5733166048870738,0.367590761798854
-0.06401531950561452,10,0.40453189922266525,0.00873064598899138,0.009156997871723402,0.4773878554904175,0.7079783184314631,0.000452145,1,KDM5A,0.163,0,buffered (complex),-0.48858628512100766,3.8185591081102057
-0.36523457539960347,18,0.5714703028559975,0.0,0.0,0.026854259309581883,3.7564818271016076,0.000584046,1,RUFY3,0.458,0,buffered (complex),-0.403392458994681,-0.3098527382287538
-0.21682811807503663,16,0.6551938091902753,0.014439089642620586,0.8840350901954794,0.028595907161515638,4.15665881716188,0.000669782,1,RAD54L2,0.076,0,buffered (complex),-0.6377114958797576,0.7564708398550319
-0.7233268772776299,51,1.4678231467195728,0.06701790606295951,0.41844430036895486,0.066532486733094,5.649126718067045,0.000462665,1,B4GALT2,0.592,0,buffered (complex),-2.6608420901602905,-0.8108069888278286
